text,sentiment,topic,sentiment_predict
trong trường macbook thầy số hai thì không có máy nào số một .,positive,other,negative
giảng viên dạy sôi nổi .,positive,lecturer,negative
cách mà cô tiếp cận với sinh viên .,neutral,lecturer,positive
thầy dạy rất nhiệt tình và giảng kỹ bài không cần cải thiện gì cả .,positive,lecturer,negative
giữa lý thuyết từ vựng với trò chơi để dễ tiếp thu .,negative,program,positive
môn học này giúp chúng em hiểu ra những vấn đề cơ bản .,neutral,program,positive
hay gõ micro vào bảng hoặc bàn .,negative,lecturer,positive
ổn .,neutral,other,negative
phần lớn chỉ là lý thuyết và bài tập .,positive,program,negative
thầy chỉ giao bài tập trên courses .,negative,lecturer,neutral
như vậy tụi em sẽ định hướng tốt hơn và tập trung vào những thứ cần thiết .,neutral,program,negative
"ấn tượng nhất doubledot dạy không cần máy chiếu hay laptop , nhưng lượng bài giảng có thể nói là  khủng  , nhìn thầy ghi bài giảng lên bảng mà bất ngờ .",positive,lecturer,negative
đưa nhiều bài tập khó mà có lời giải cho sinh viên về nhà nghiên cứu .,positive,lecturer,negative
rất thực tế không dài dòng .,positive,other,negative
"thêm hoạt động của sinh viên , giúp sinh viên chủ động hơn .",negative,program,positive
tính thực tế cũng cao so với việc thi lý thuyết lấy điểm .,positive,program,negative
có up bài cho sinh viên làm thêm bài tập .,positive,lecturer,negative
"thầy dạy đường lối mà em cứ ngỡ như em đang trở về thời đó , cách kể chuyện lịch sử qua tuyệt vời , có thể nói nếu tất cả các môn chính trị nào cũng có thầy dạy thì chắc em lên trình chính trị nhiều lắm ạ .",positive,lecturer,negative
cách dạy đổi mới .,positive,lecturer,neutral
"ngoài những kiến thức trên lớp , thầy còn hướng dẫn và giảng dạy nhiều kiến thức mới , hỗ trợ tụi em rất nhiều trong quá trình hoàn thành đồ án .",positive,lecturer,negative
"ví dụ phù hợp với nội dung kiến thức , hướng dẫn chi tiết .",neutral,program,positive
bài thuyết trình của các sinh viên .,neutral,program,positive
cần có nhiều giảng viên như cô dạy hơn .,positive,lecturer,negative
đề cương thực hành chi tiết .,positive,program,negative
đề cập nhiều thông tin mở rộng ngoài xã hội .,positive,lecturer,negative
rất hài lòng nên không có gì không hài lòng .,positive,other,negative
"gây mê , hay mắng và rất dễ hờn coloncontemn .",negative,lecturer,positive
"có ba buổi học , chỉ những người tham gia buổi đầu mới biết các buổi tiếp theo .",negative,program,positive
tâm lý .,neutral,other,positive
cô hoàng toàn không dùng courses hay các phương tiện liên lạc thông báo .,positive,lecturer,negative
thời gian học .,neutral,program,negative
giảng viên giàu kinh nghiệm sư phạm .,positive,lecturer,negative
giúp đỡ học sinh các bài khó .,positive,lecturer,negative
"hay giải theo cách của mình , chưa giải thích được nhiều thắc mắc của sinh viên .",positive,lecturer,negative
"thiếu nhiệt tình với sinh viên , phần lớn lên lớp đưa đề cho sinh viên tự làm và không có gợi ý cũng như tạo điều kiện tốt nhất cho sinh viên .",negative,lecturer,positive
"không có , giáo viên dạy rất ổn !",positive,lecturer,negative
mong cô luôn giữ được phong độ đó .,positive,lecturer,negative
môn wzjwz19 khá xa lạ đối với em .,negative,program,positive
chuẩn bị bài học kỹ càng .,positive,lecturer,negative
có giờ tiếp sinh viên .,positive,lecturer,negative
"thầy không chỉ dạy cho sinh viên về mặt kiến thức , kèm vào đó thầy còn dạy cho sinh viên về đạo đức , tính nhân bản , những kinh nghiệm của thầy khi đi làm .",positive,lecturer,negative
cách giảng viên khuyên bảo thẳng thắn .,positive,lecturer,neutral
"giảng bài kỹ , có cho sinh viên làm thuyết trình để tự nghiên cứu bài trước khi đến lớp .",positive,lecturer,negative
cả cuộc sống sau này lẫn trong môn học .,neutral,other,negative
"học thầy từ đầu học kỳ một đến tận hết học kỳ , quả là không sai .",positive,lecturer,negative
"đặc biệt khả năng truyền đạt của cô không tốt , tiếng anh nói không tốt , dễ gây buồn ngủ .",negative,lecturer,positive
làm bài giảng sinh động .,negative,lecturer,neutral
có kết hợp với bài tập ví dụ .,neutral,program,positive
không điểm danh .,neutral,lecturer,negative
bài giảng bằng tiếng anh giúp sinh viên tiếp cận ngoại ngữ tốt hơn .,negative,program,positive
có cung cấp tài liệu cho sinh viên .,neutral,lecturer,positive
giảng viên đến lớp rất đúng giờ ( sớm hơn cả giờ bắt đầu ) .,positive,lecturer,negative
giảng dạy nghiêm túc .,positive,lecturer,neutral
các bài thực hành có liên quan tới nghiệp vụ .,positive,program,negative
cám ơn cô đã dạy lớp em .,positive,other,neutral
ngoài ra còn nhiều kiến thức ngoài .,neutral,program,positive
sự kiên trì của giảng viên với lớp dù sinh viên có mặt khá ít .,positive,lecturer,negative
đó là ý kiến cá nhân của em về giảng viên môn anh văn 2 này .,neutral,other,negative
thầy giảng dạy rất ân cần và quan tâm tới sinh viên .,positive,lecturer,negative
có demo trực tiếp .,neutral,lecturer,positive
cụ thể doubledot về việc hướng dẫn bài tập về nội dung đó .,neutral,lecturer,negative
"giảng viên cho bài tập hay , khó .",positive,lecturer,negative
"đôi lúc cô có kể vài câu chuyện hay liên quan đến bài học , hầu hết các tiết học cô luôn mỉm cười nên khi học cảm thấy thoải mái .",positive,lecturer,negative
cách tính điểm cộng của giáo viên có điểm quá trình .,neutral,lecturer,negative
"em nghĩ thầy dạy hơi chậm so với lớp khác nhưng mà thầy dạy đảm bảo chất lượng , rèn được cho bọn em khả năng làm việc nhóm , thuyết trình , cách trả lời câu hỏi .",positive,lecturer,negative
nhiều bài thuyết trình .,neutral,program,negative
"giọng nói của thầy truyền cảm , không gây cảm giác buồn ngủ .",positive,lecturer,negative
tạo bầu không khí vui vẻ .,positive,lecturer,negative
hơi nhanh nhưng em vẫn theo kịp được .,neutral,lecturer,negative
em nghĩ như vậy sẽ tốt hơn vì họ sẽ biết được khả năng của sinh viên trong lớp tới đâu để cho bài thực hành được phù hợp với trình độ của sinh viên .,neutral,program,negative
nâng cấp hệ thống máy tình phòng thực hành .,negative,facility,positive
"thầy đăng thông báo trên facebook cá nhân , cách thầy nói chuyện dễ gây hiểu nhầm .",negative,lecturer,positive
thân thiện và dễ tiếp thu hơn .,negative,lecturer,positive
"thầy dạy tận tâm , nhưng thầy thường nói đến những phần nghiên về lập trình mạng .",negative,lecturer,positive
khi chia nhóm em không học bên nhóm của thầy này và thầy cũng rất ít lên lớp nên em không có ý kiến gì .,neutral,lecturer,negative
dứt khoát .,positive,other,neutral
tiết học lúc nào cũng sôi nổi .,positive,lecturer,negative
dạy được .,positive,lecturer,neutral
em không có ý kiến gì về cách giảng dạy của giảng viên .,neutral,lecturer,negative
thường xuyên trao đổi các vấn đề trên hệ thống moodle .,positive,lecturer,neutral
dạy full english .,negative,lecturer,positive
tính thực tiễn của môn học .,neutral,program,positive
cô giảng bài rất là hay và không nhàm chán .,positive,lecturer,negative
đảm bảo cho sinh viên không ngủ gật .,neutral,lecturer,negative
tạo không khí vui vẻ cho lớp học .,positive,lecturer,negative
thầy nền cộng điểm phát biểu hay có nhiều điểm cộng hơn .,negative,lecturer,positive
cho phép sinh viên chuẩn bị bài trước tiết kiệm thời gian làm thực hành .,positive,program,negative
em thấy thầy giảng hơi bị buồn ngủ .,positive,lecturer,negative
chúng em đã nghỉ khoảng 4 tuần như thế .,neutral,other,negative
có thời gian để ngủ trên lớp .,neutral,lecturer,negative
làm sao có thể tìm thấy điểm không hài lòng được .,positive,other,negative
"thầy wzjwz254 rất hài hước và thân thiện , đặc biệt rất quan tâm đến việc học của sinh viên , thầy giải đáp tất cả những câu hỏi của em và cả sinh viên trong lớp , ngoài ra thầy còn nhờ những bạn đã hoàn thành xong bài tập của mình hướng dẫn cho những bạn chưa hiểu .",positive,lecturer,negative
học được nhiều điều mới không nằm trong sách vở .,positive,other,negative
"giảng viên truyền đạt kiến thức một cách máy móc , không có hiệu quả , tạo không gian học tập áp lực , chán nản cho sinh viên .",positive,lecturer,negative
biết tạo không khí sôi nổi cho các bạn sinh viên hưng thú với môn học .,positive,lecturer,negative
sinh viên thắc mắc thì giảng viên giải đáp kỹ .,positive,lecturer,negative
"thầy có thái độ phân biệt , chỉ quan tâm đến một vài sinh viên .",negative,lecturer,positive
cho sinh viên hiểu rõ về nội dung môn học .,negative,program,positive
thường xuyên điểm danh .,negative,lecturer,neutral
phương pháp nộp bài của thầy là debug code quay video lấy điểm .,neutral,lecturer,negative
"mỗi khi chúng em cần hỏi gì , cô đều giúp đỡ .",positive,lecturer,negative
đó là điều mà em mong muốn mỗi khi đến lớp .,positive,other,neutral
đây là những ví dụ nhập môn mà các em học sinh lớp 8 - 9 khi bắt đầu được học về quy hoạch động để đi thi học sinh giỏi .,neutral,program,negative
"giảng viên vui tính , cởi mở , thỉnh thoảng cũng hay khó tính với vài học sinh lười trong lớp .",positive,lecturer,negative
"thích nhất phần thuật toán dijktra , vì phần này nhờ cấu trúc rời rạc nên thầy giảng thì em biết .",positive,lecturer,negative
"không có , chỉ là do em lười học nên không tiếp thu được .",neutral,other,negative
"thầy có vẻ hơi bận rộn , gặp thầy có vẻ khó .",neutral,lecturer,negative
theo sát quá trình thực hành của sinh viên .,positive,lecturer,negative
khả năng truyền đạt của giảng viên .,neutral,lecturer,positive
khi được đề cập thì thầy cho đó là mục tiêu cho các bạn tự tìm hiểu nhằm phát huy tốt nhất tư duy .,neutral,program,positive
"giảng viên chủ động tận dụng thời gian lên lớp , sắp xếp và nêu rõ các phương pháp và cho sinh viên bài tập và tài liệu đầy đủ hơn .",negative,lecturer,positive
em xin cám ơn !,positive,other,neutral
cần có nhiều giảng viên có phương pháp dạy như thầy wzjwz147 .,positive,lecturer,negative
đề thi của thầy khá hay khi khai thác thực tiễn .,positive,facility,negative
"cô quá chất , đi dạy chỉ cần cái điện thoại .",positive,lecturer,negative
cô hơi hiền .,positive,lecturer,negative
sẽ có thông báo đi học cụ thể trên phòng máy để sửa chữa bài tập cho những ai chưa hiểu rõ cách làm .,positive,facility,negative
giảng dạy ngiêm túc .,positive,lecturer,neutral
"phòng máy cũ , nhưng nhìn chung thì không có ảnh hưởng gì vì thầy dạy rất nhiệt tình .",neutral,facility,negative
"giảng viên ít dạy từ mới , cấu trúc ngữ pháp vdotv .",positive,lecturer,negative
"thầy giảng khá chậm rãi , mạch lạc , dễ tiếp thu nên có thể giải đáp được những khúc mắc của học sinh .",positive,lecturer,negative
"nếu có môn học nào trong học kỳ tiếp theo mà thầy giảng dạy được , mong phòng đào tạo điều kiện cho thầy tiếp tục hướng dẫn lần sau .",positive,lecturer,negative
mong cô ở lâu với trường .,positive,lecturer,negative
hoạt động cho mỗi nhóm lên thuyết trình về chủ đề đã được giao .,neutral,lecturer,negative
nói dễ nghe .,neutral,lecturer,positive
tạo không khí vui vẻ khi giảng dạy .,positive,lecturer,negative
hy vọng môn nào cũng như môn này thì quá tốt .,positive,other,negative
cảm ơn thầy đã sửa bài cho lớp trong những tháng qua .,positive,lecturer,neutral
giáo viên dạy toàn trong sách giáo trình .,negative,lecturer,positive
do khi ra trường các công ty chủ yếu đánh mạnh phần thực hành và vận dụng .,neutral,other,negative
giáo viên truyền đạt kinh nghiệm thực tế nhiều .,neutral,lecturer,positive
"xếp nhóm ngẫu nhiên để sinh viên thích nghi với bạn mới , không lệ thuộc vào một nhóm bạn , tích cực tương tác với lớp , không quá nghiêm khắc gây áp lực cho sinh viên , hòa đồng colonlove .",positive,lecturer,negative
vì giữa kỳ do em bỏ lở .,neutral,other,negative
nhanh nhẹn .,positive,lecturer,negative
em xin hết .,neutral,other,negative
giảng viên dạy hay và sôi nổi .,positive,lecturer,negative
giọng đọc tương đối giống bản ngữ và phát âm tiếng anh khá chuẩn .,positive,lecturer,negative
"cách dạy sinh động , không máy móc .",positive,lecturer,negative
các bài tập thực hành và hoạt động giảng dạy của thầy đáp ứng đủ yêu cầu cơ bản của môn học .,positive,program,negative
giảng viên chưa đi sâu vào vấn đề bài học .,positive,lecturer,negative
hầu như không có điều không hài lòng .,neutral,other,negative
sự tận tình .,neutral,lecturer,positive
"qua hai học kỳ được học các môn học do thầy wzjwz110 giảng dạy , thầy dạy rất được .",positive,lecturer,negative
tổ chức nhiều hoạt động nhóm .,positive,program,negative
không làm bài thuyết trình nhưng vẫn được nộp báo cáo .,neutral,lecturer,negative
chỉ gặp được thầy đúng một lần trong suốt học kỳ .,negative,lecturer,neutral
thầy dạy đủ nội dung bài học .,neutral,lecturer,negative
có thể nhiều bạn thích nhưng bản thân mình thấy thầy nói một vấn đề hơi dài dòng .,neutral,lecturer,negative
tiếp thu bài cũng ổn .,neutral,other,positive
hoàn toàn bình thường .,neutral,other,negative
he fixes our tasks thoroughly .,positive,lecturer,neutral
"giảng viên nhiệt tình , không lạm dụng slide , thầy cho sinh viên tự thảo luận , làm bài rồi mới sửa .",positive,lecturer,negative
đầu tư một bộ giáo trình chất lượng và dễ hiểu và giảng dạy theo bộ giáo trình đó .,negative,program,positive
giờ lên lớp .,neutral,lecturer,negative
"đối với cô wzjwz32 , cô rất tận tình , giải đáp thắc mắc và hướng đến sinh viên cùng trao đổi đối với y , hoàn toàn tách biệt với sinh viên , không có hướng trao đổi mà là hướng tra khảo kiến thức sinh viên .",neutral,lecturer,positive
tạm thời chưa có .,neutral,other,negative
nếu yêu cầu bài tập thì có thể nộp giấy riêng cho cô .,neutral,program,negative
cung cấp đủ tài liệu học tập trên courses .,positive,lecturer,negative
"boss cuối , thầy dạy quá hay , cả kiến thức môn học lẫn kiến thức về cuộc sống .",positive,lecturer,negative
thầy dạy hơi khó hiểu nhưng rất kỹ .,positive,lecturer,negative
thầy là idol của em .,positive,lecturer,neutral
"slide bài giảng thì rất dễ hiểu nhưng sau khi thầy giảng thì chúng em cảm thấy không hiểu gì cả , cách truyền đạt của thầy làm cho học sinh rối rắm , thầy chưa biết cách truyền đạt những thứ mà học sinh cần biết .",negative,program,positive
lớp buồn không có ý kiến nhiều .,negative,other,neutral
"thầy dạy chủ động , liên tục , giới thiệu đường lối công nghiệp .",positive,lecturer,negative
thầy cho bài thực hành cả sát lý thuyết lẫn áp dụng thực tiễn .,positive,lecturer,neutral
"mới đầu tiên em nghĩ thầy khó tính gây áp lực cho em , thầy cho làm deadline quá trời mà những lớp khác không có , nhưng đến bây giờ em mới hiểu nhờ thầy em biết được nhiều dạng bài tập hơn , thầy thích hợp dạy môn kiến trúc máy tính , nhưng mà thầy dạy phần cứng hay hơn ấy ạ .",positive,lecturer,negative
tôi cảm nhận được tâm huyết của thầy .,positive,lecturer,neutral
không ạ .,neutral,other,negative
thầy nên cho nhiều ví dụ hơn .,positive,lecturer,negative
còn nghỉ giữa buổi khá nhiều và làm tốn thời gian vô ích .,positive,lecturer,negative
thầy dạy lý thuyết tạm ổn .,neutral,lecturer,negative
"thầy dạy hay , truyền đạt tốt , mong phòng công tác sinh viên liên hệ thầy để có phương pháp chiến lược dạy số kiến thức đó nhưng với thời gian ít hơn , chứ nếu một bài dạy trong một năm thì sinh viên thế nào chẳng giỏi .",positive,lecturer,negative
cô có nhiều hoạt động trong lớp học khiến cho môn học dễ tiếp thu hơn .,positive,lecturer,negative
"nói hơi nhanh , cho bài tập thêm hơi khó .",positive,lecturer,negative
slide bài giảng chưa được đưa lên .,positive,program,negative
dạy tương đối đầy đủ chương trình .,neutral,program,positive
hy vọng học kỳ sau có thể học với cô .,positive,lecturer,negative
làm được nhiều bài tập .,neutral,program,negative
với lại đặc thù sinh viên trường em nó khác cô ạ .,neutral,other,negative
quá nhiều kiến thức cần nắm nhưng thời gian có hạn .,neutral,program,negative
thầy dạy khá ổn .,neutral,lecturer,negative
thêm nhiều bài tập hay .,neutral,program,negative
thuyết trình trước lớp bằng tiếng anh theo chủ đề .,positive,program,negative
thảo luận được nhiều vấn đề .,positive,other,negative
không song song với kiến thức được học ở lớp lý thuyết .,positive,program,negative
thường xuyên đăng slide bài giảng lên hệ thống moodle .,positive,lecturer,negative
luôn dạy đúng và đủ số tiết .,neutral,lecturer,positive
thầy không up slide bài giảng lên website môn học .,positive,lecturer,negative
giáo viên phát cho tài liệu cũ nhiều năm mặc dù chương trình giảng dạy trên lớp lại là tài liệu mới .,negative,lecturer,positive
thầy dạy tạm ổn .,neutral,lecturer,positive
không có điều gì không hài lòng .,positive,other,negative
cho các nhóm lên trình bày để tránh việc các bạn copy bài trên mạng và không hiểu bài .,positive,lecturer,negative
em chỉ đăng ký học để chuyển điểm nên em không biết .,neutral,program,negative
giáo viên luôn giải thích những gì không hiểu cho sinh viên .,positive,lecturer,negative
"nghiêm khắc trong khi dạy , kiến thức chuyên ngành cao .",negative,lecturer,positive
"thầy dạy có tâm , nhiệt tình nhưng mà nói hơi nhanh chút xíu .",neutral,lecturer,positive
"thầy dạy dễ hiểu , những phần khó hiểu thầy hay viết outline .",positive,lecturer,negative
có sự phối hợp chặt chẽ giữa giáo viên lý thuyết và thực hành .,positive,lecturer,negative
"tận tình , không có thời gian chết .",positive,lecturer,negative
môn học này rất hay và rất khó và rất đáng để học .,positive,program,negative
học thoải mái không ràng buộc .,positive,lecturer,negative
giờ là 2014 rồi !,neutral,other,negative
giáo viên tạo nhiều cơ hội cho sinh viên được luyện nói tiếng anh trên lớp .,neutral,lecturer,positive
thà em ở nhà tự học còn tốt hơn là đi nghe đọc slide .,negative,lecturer,positive
"có khả năng truyền đạt , chú trọng đến kiến thức hơn điểm số .",positive,lecturer,negative
cho thêm bài tập và ví dụ hiểu rõ cách cài đặt thuật toán .,negative,lecturer,positive
"phương pháp dạy thực hành của thầy rất hay , chỉ cho mục tiêu để thực hiện , chứ không đưa code , từ đó các sinh viên có cơ hội tìm hiểu chuyên sâu về các bài thực hành .",positive,lecturer,negative
tổ chức tham quan doanh nghiệp .,positive,program,negative
giáo viên năng động .,positive,lecturer,neutral
chất lượng tốt không cần cải tiến .,positive,other,negative
thầy cho bài tập ví dụ làm ngay trên giờ học lý thuyết nên dễ nhớ hơn và nếu có chưa hiểu chỗ nào ngay trên ví dụ cũng đc thầy giải đáp ngay .,positive,lecturer,negative
đọc slide từ đầu tới cuối .,negative,program,neutral
phần thực hành này học 3 buổi .,neutral,program,negative
omg .,negative,other,neutral
giảng viên vừa dạy vừa vui tính làm cho buổi học không buồn tẻ .,positive,lecturer,negative
"có mở rộng nội dung giới thiệu về một số nền tẳng mới như doubledot blackbery , tizen nền tảng đa ứng dụng doubledot phonegap , titanium , zun .",positive,program,negative
"thời gian lên lớp đảm bảo , bám sát yêu cầu của bài học .",positive,program,negative
"hình dung chưa, câu mà thầy hay hỏi nhất .",negative,lecturer,positive
thầy chấm điểm gắt .,negative,lecturer,neutral
giao bài tập về nhà để sinh viên hoàn thành và giờ sau lên bảng giải lấy điểm cộng .,positive,lecturer,negative
được trải nghiệm thực tế sẽ giúp cho môn học thêm phần thú vị và sự thú vị đó sẽ tạp động lực cho sinh viên tự tìm hiểu sau này .,negative,program,positive
"em cảm thấy áp lực và không thoải mái trao đổi với thầy , hỏi thầy mà thầy không trả lời .",negative,lecturer,positive
các bài tập về nhà và bài tập kiểm tra tại lớp giúp tụi em chú tâm vào học tập hơn .,positive,program,negative
giữ nguyên hình thức cũ !,neutral,other,negative
giảng viên đưa ra bài tập cụ thể .,positive,lecturer,negative
có nhiều thời gian hơn để gặp giáo viên và thực hành trên lớp .,neutral,program,negative
em nghĩ việc lớn lao nhất của giáo viên làm đó là truyền cảm hứng và truyền đạt kiến thức cho sinh viên của mình !,positive,lecturer,negative
nên nhiều vấn đề thầy giảng còn hơi mông lung khó hiểu .,positive,lecturer,negative
trong quá trình dạy hướng dẫn chi tiết .,positive,lecturer,negative
"sẵn sàng giảng lại nếu một bạn nào đó không hiểu , nhiều lần cho đến khi bạn hiểu rõ vấn đề .",positive,lecturer,negative
"viết bài nhiều , học ngoài giờ nhiều .",positive,lecturer,negative
cập nhật thông tin môn học trên courses .,negative,program,positive
"hơi nghiêm quá , nhưng không vấn đề , rất ok .",positive,lecturer,negative
làm đồ án phải báo cáo mỗi 2 tuần .,positive,lecturer,negative
các slide và tài liệu thầy cung cấp cụ thể .,positive,lecturer,negative
được nói cặp .,positive,lecturer,neutral
phần học lý thuyết suông .,negative,program,neutral
thầy dạy nhiệt tình nhưng hơi buồn ngủ !,negative,lecturer,positive
nói chung là không có vấn đề tiêu cực với phương pháp của cô .,neutral,lecturer,negative
vì thời gian trong lớp tập trung hơn .,neutral,other,negative
trang thiết bị tốt .,positive,facility,negative
sinh viên dễ cảm thấy chán và ớn .,negative,program,positive
lớp có 2 giảng viên hướng dẫn là cô wzjwz90 và thầy wzjwz91 .,neutral,other,positive
"kiến thức thu được là con số 0 , ngao ngán với bài tập cách giảng dạy của giảng viên .",negative,lecturer,neutral
"cô dạy lý thuyết ngắn gọn , bài tập thường xuyên !",positive,lecturer,negative
dạy đầy đủ .,positive,lecturer,neutral
ví dụ của thầy cũng chưa rõ ràng .,positive,lecturer,negative
giảng viên đưa nhiều bài tập với mức độ từ dễ đến khó .,positive,lecturer,negative
đề cương đầy đủ .,positive,program,neutral
dạy học nhiệt tình giải nhiều bài tập khó mà bọn em làm không ra .,positive,lecturer,negative
làm sao vớt vát được .,negative,other,neutral
cố chấp .,negative,other,neutral
cứ lo tụi em không hiểu mà dạy đi dạy lại tới khi hiểu rõ vấn đề mới qua phần mới .,positive,lecturer,negative
giải bài tập .,neutral,lecturer,positive
vì thầy không đến lớp giảng dạy bữa nào cả nên em không biết nhận xét .,neutral,lecturer,negative
"em được biết đây là kỳ dạy cuối cùng của thầy nên em chúc thầy sức khỏe dồi dào , gia đình hạnh phúc .",neutral,lecturer,negative
cho sinh viên những bài tập cơ bản để tìm hiểu về bài giảng lý thuyết .,neutral,lecturer,positive
"thầy giảng khá hay , không buồn ngủ .",positive,lecturer,negative
"thầy dạy hay , hài hước , không cô đọng và nhàm chán .",positive,lecturer,negative
mặc dù có kiến thức tốt !,neutral,other,positive
nhiều ví dụ được đưa ra để phục vụ cho bài học .,positive,program,neutral
"nhắc nhở sinh viên là ý tốt của thầy , nhưng thật sự tụi em thấy rất áp lực với môn học này .",negative,lecturer,positive
chúc thầy có một học kỳ khác thành công hơn với môn học hiện tại .,positive,lecturer,negative
thầy luôn tạo một vẻ bề ngoài khiến cho sinh viên căng thẳng khi học .,negative,lecturer,positive
mặc dù thầy bận công tác nhưng vẫn làm video hỗ trợ tụi em học tập .,positive,lecturer,negative
"cung cấp giáo trình đầy đủ , phiên bản có thể xem được trên máy tính pdf hoặc doc .",positive,program,neutral
chỉ cần cho bài tập qua web môn học sinh viên sẽ làm .,neutral,program,negative
giúp sinh viên tiếp thu kiến thức nhưng không làm nhàm chán .,negative,lecturer,positive
"bài tập thầy cho cũng đòi hỏi phải đến lớp , nghe giảng và phải hiểu thật sự mới làm được .",neutral,program,negative
rất mong được thầy dạy tiếp trong các học kỳ sau .,positive,lecturer,negative
thầy dạy ngắn gọn không lan man .,positive,lecturer,negative
chỉ cần khoảng 60% gần tương ứng với nội dung thi là đủ .,neutral,program,negative
"giảng viên dạy nhiệt tình , giải đáp cặn kẽ các thắc mắc của sinh viên , luôn bám sát và tích cực hỗ trợ sinh viên khi gặp khó khăn trong quá trình hoàn thành đồ án môn học .",positive,lecturer,negative
"có thể trao đổi thắc mắc với thầy một cách thoải mái , không gây áp lực .",positive,lecturer,negative
"yêu cầu sinh viên tự học , tự chuẩn bị .",negative,program,neutral
cái này vấn đề chung của cả nước mất rồi colonhihi .,neutral,other,negative
"hài lòng nhất là việc rep mail của thầy , cực nhanh trừ thứ bảy và chủ nhật thầy giải lao không rep mail .",positive,lecturer,negative
chỉ cần cho bài tập rồi làm nộp .,neutral,program,negative
"đến với lớp học của cô wzjwz216 , sinh viên có thể tự nhiên cải thiện kỹ năng giao tiếp của bản thân .",positive,lecturer,negative
"cô rất nhiệt tình , chịu khó và hiểu nhanh vấn đề mà sinh viên mô tả .",positive,lecturer,negative
bài tập và hướng dẫn giải bài tập trên lớp .,neutral,program,positive
luôn giải đáp và chỉ hướng gỡ rối cho sinh viên nếu còn vướng bận !,positive,lecturer,negative
cách tính điểm chi tiết .,negative,lecturer,positive
dạy tận tình và sử dụng nhiều bài tập demo giúp sinh viên hiểu rỏ hơn về bài học .,positive,lecturer,negative
"vui tính , tận tình chỉ dạy , nhưng nhiều nội dung giảng chưa kỹ và khó hiểu .",positive,lecturer,negative
"bổ sung nhiều bài tập , hướng dẫn thảo luận tại lớp .",negative,program,positive
chăm lo cho sinh viên .,positive,lecturer,neutral
góp ý cho thầy .,neutral,lecturer,positive
em đóng góp cũng chỉ mong để sau này các lớp xử lý ngôn ngữ tự nhiên đông hơn và nhiều sinh viên chọn hơn .,positive,program,negative
thầy dạy ổn .,neutral,lecturer,positive
"thầy dạy có tâm , sau mỗi nhóm thuyết trình thầy sẽ nói lại đề tài mà nhóm thuyết trình là gì ?",positive,lecturer,negative
dạ em không có ý kiến về vấn đề này .,neutral,other,negative
"giảng viên thực hành nhiều bài thực hành trực quan , giảng dễ hiểu .",negative,lecturer,positive
giảng viên nói nhiều về startup cho sinh viên .,positive,lecturer,negative
cập nhật giáo trình mới nhất phù hợp hơn .,negative,program,positive
"cần , kiệm , liêm , chính .",positive,other,negative
thầy dạy rất vui nhưng đôi khi còn rất khó tính .,neutral,lecturer,negative
kiến thức chuyên môn và nội dung dạy .,neutral,program,positive
"em chỉ dám thỉnh cầu quý thầy cô soạn ra một bộ tài liệu mà có thể giúp sinh viên tự nghiên cứu , học tập môn này hiệu quả hơn .",negative,lecturer,positive
cho bài tập từ dễ tới khó .,neutral,program,negative
không có gì không hài lòng cả .,neutral,other,negative
thầy nói ít nhưng em hiểu nhiều hơn .,positive,lecturer,negative
tuy nhiên thầy ít đùa .,neutral,lecturer,negative
nên cho thực hành nhiều hơn .,positive,program,negative
tạo không khí học tập năng động .,positive,lecturer,negative
"bài tập thầy cho quá khó , nhưng không sao đề ra như vậy mới nâng cao trình độ của tụi em .",positive,program,negative
"cô dạy rất rõ ràng , rành mạch , nhưng hơi thiên về lý thuyết .",negative,lecturer,positive
giải đáp thắc mắc có vẻ sai .,negative,lecturer,positive
năng động .,positive,other,neutral
giảng viên đến lớp sớm .,positive,lecturer,negative
she's very sociable .,positive,lecturer,neutral
thầy rất nhiệt tình nên em không có ý kiến gì .,positive,lecturer,negative
"chất lượng môn tốt , em không ý kiến .",positive,program,negative
chú thích những phần cần phải tập trung .,neutral,other,negative
cô cho làm đồ án nhóm với lại cho bài tập theo từng tuần nên sinh viên có thời gian sắp xếp để làm bài .,neutral,lecturer,negative
tập trung thực hành kiến thức trọng tâm của giờ ký thuyết .,neutral,lecturer,positive
"thiếu nhiệt tình trong giảng dạy , hay có thái độ không tốt nói những điều không hay về sinh viên , tạo áp lực trong giờ học .",negative,lecturer,positive
"dạy liên hệ thực tế , giảng dễ hiểu .",negative,lecturer,positive
có thể kết hợp môn này với môn toán nhằm giúp sinh viên có thể mới vào trường dễ nhận thấy cách tính các độ phức tạp .,negative,program,positive
cứ theo tiến độ của môn học .,neutral,program,negative
"cô truyền cảm hứng rất nhiều cho học sinh , không chỉ riêng môn tiếng anh mà còn nhiều kỹ năng cần thiết khác nữa .",positive,lecturer,negative
môn công nghệ web và ứng dụng có 2 tín chỉ lý thuyết .,neutral,program,positive
giảng viên thiếu tâm huyết .,negative,lecturer,positive
"môn cơ chế mã độc là môn rất hay , rất cần thiết .",positive,program,negative
"tuy em ít đến lớp nhưng có bài khó hiểu em email hỏi thầy , thầy giải đáp rất tận tình , còn có demo nữa .",positive,lecturer,negative
bài thực hành nên mang tính chất bắt buộc hoặc khuyến khích sinh viên làm để lấy điểm cộng để tạo động lực cũng như hứng thú với bài thực hành hơn .,positive,other,negative
"giảng viên thân thiện , cởi mở , linh hoạt trong việc xin nghỉ fraction bù .",positive,lecturer,negative
cơ sở vật chất .,neutral,facility,negative
ngoài bài giảng thầy còn nói thêm những hiện tượng khoa học khá hay .,positive,lecturer,negative
tôi hài lòng .,positive,other,neutral
chuẩn bị nội dung thực hành chu đáo .,positive,lecturer,negative
nhiều ví dụ .,neutral,lecturer,positive
"thầy giảng nhiệt tình , sát trọng tâm , dễ hiểu , mong thầy kỳ sau sẽ dạy môn xác xuất thống kê .",neutral,lecturer,positive
"sinh động nhưng không lan man , rất tập trung chuyên môn .",positive,lecturer,negative
đi sâu vào vấn đề khó hơn .,positive,other,negative
chi tiết .,neutral,program,positive
đồng nhất một giáo trình giảng dạy .,negative,program,positive
phần ý kiến của em trong phần khảo sát thầy wzjwz7 em nói có liên quan đến thầy luôn .,neutral,other,positive
mỗi dạng bài thì thầy ghi ra 3 câu bài tập là ổn rồi .,neutral,program,negative
tỉ mỉ .,positive,other,neutral
"nhẹ nhàng , từ tốn .",positive,lecturer,negative
"một số chỗ khó hiểu , nhưng nếu chăm chỉ tự học thì sẽ khắc phục được .",neutral,program,negative
phân bổ lịch thực hành cho hợp lý .,negative,program,positive
trao đổi trên hệ thống website môn học .,positive,program,neutral
"nội dung , kiến thức khá chung chung .",negative,program,positive
thầy giảng đủ nội dung bài học và có chỗ lưu ý .,positive,lecturer,negative
cô sẵn sàng giảng lại bài cho cả lớp khi có phần khó hiểu .,positive,lecturer,negative
"chia sẻ các kỹ năng khi làm việc , chia sẻ kinh nghiệm trong ngành , thậm chí chỉ cách mua linh kiện mà không bị chặt chém giá cả .",positive,lecturer,negative
giảng dạy thực tế .,neutral,lecturer,positive
cần có giáo trình chi tiết về môn học cho sinh viên dễ nắm bắt .,positive,program,negative
lớp của em do đa số các bạn trầm tính nên đối với bọn em cô là một người rất giỏi và giải đáp đầy đủ cho bọn em .,positive,lecturer,negative
"cho thảo luận , làm seminar .",positive,lecturer,neutral
thay vì đưa bài ra rồi bảo các bạn nộp kết quả .,neutral,program,negative
nghỉ sinh em bé vui vẻ nha cô .,neutral,lecturer,positive
"thầy tích cực lên lớp , không nghỉ buổi nào .",positive,lecturer,negative
chắc kiến thức cho sinh viên nếu mất nền tảng .,positive,lecturer,negative
cứ theo tiến độ của chương trình môn học .,neutral,program,negative
thương xuyên chỉ dẫn trên moodle .,positive,lecturer,neutral
cập nhật cái mới cho sinh viên .,positive,lecturer,neutral
học để làm gì !,negative,other,neutral
dạy kỹ các phần quan trọng .,neutral,program,positive
"nhìn chung em hài lòng về môn học này , nên em không có ý kiến khác .",positive,program,negative
có lúc em còn cảm thấy có lỗi vì công sức của cô trên lớp như vậy mà mình lại làm biếng học bài .,neutral,lecturer,negative
đáng để học tập .,positive,other,negative
"cho làm các bài kiểm tra cuối giờ , giúp chúng em phải tập trung nghe bài .",positive,program,negative
"nhẹ nhàng , thân thiện colonsmile .",positive,lecturer,negative
quy tắc .,neutral,lecturer,negative
"mặt khác rất thân thiện với sinh viên , tạo thiện cảm tốt đẹp nên sinh viên tự khắc đi học đầy đủ mà không cần phương pháp điểm danh ép buộc cổ hủ .",positive,lecturer,negative
"có tương tác với sinh viên , thường xuyên cho lên bảng làm bài .",positive,lecturer,negative
em học được nhiều thứ từ môn này ạ colonlove .,positive,program,negative
em chưa nhớ thầy là ai nữa .,neutral,lecturer,negative
cô hãy tự chấm bài thi .,negative,lecturer,neutral
cách mà thầy giảng bài khiến cho sinh viên không thấy chán trong giờ học !,positive,lecturer,negative
đáng để học hỏi !,positive,other,negative
dựa vào một game cơ bản để sinh viên hiểu rõ hơn .,neutral,lecturer,positive
"có hoạt động trò chơi , hát tiếng anh .",neutral,lecturer,positive
định hướng từ sớm về cách tiếp cận đồ án đối với sinh viên .,negative,program,positive
đó là một động lực rất lớn để tụi em hoàn thành hết tất cả bài tập của thầy .,neutral,other,positive
lớp học sôi động .,positive,program,negative
tôi chưa gặp thầy này lần nào .,neutral,lecturer,negative
"dạ , cho em hỏi là trường mình là tạo sao không dùng ngôn ngữ c thay cho assembly .",neutral,program,negative
nhờ thầy wzjwz267 dạy thế nhiều sinh viên tiến bộ hơn .,positive,lecturer,negative
cô giải thích chi tiết các phần khó hiểu .,positive,lecturer,negative
giảng viên làm mẫu một số bài thực hành cho sinh viên .,positive,lecturer,neutral
giảng viên thân thiệt .,positive,lecturer,neutral
"ngoài thời gian cố định như trong thời khóa biểu của nhà trường , em đều cố gắng sắp xếp đi đủ .",neutral,other,positive
đi học rất ít nên rất mất công người đi dậy .,neutral,program,negative
lại vui tính nữa .,positive,lecturer,negative
"thầy chuẩn bị bài thực hành sát với kiến thức được học , sinh viên cần gì có đó .",positive,lecturer,negative
kiến thức được khơi thông quá nhiều .,negative,program,positive
chô tiếng việt giống như là copy nguyên văn từ google dịch vậy .,neutral,other,negative
"thầy chịu khó , dạy kỹ nếu sinh viên chưa hiểu .",positive,lecturer,negative
không quan tâm sinh viên có nắm được kiến thức hay không .,negative,lecturer,positive
luôn hướng dẫn cụ thể và giải thích những khó khăn cho sinh viên .,positive,lecturer,negative
có một ít áp lực .,neutral,lecturer,negative
phân bố thời gian khoảng 3 tiết .,neutral,program,negative
"em có học ở một trung tâm tiếng anh ở ngoài trường , thời lượng hợp lý , không nhiều không ít khoảng 2 - 3 tiết một buổi !",neutral,program,negative
